22472;ABACHKOU;Maroc
22052;AFOURER;Maroc
22272;AGHBALOU ZAOUIA;Maroc
22013;AGOUDI NLKHAIR;Maroc
54013;AGUELMAM AZEGZA;Maroc
54052;AGUELMOUSS;Maroc
54153;AIN AICHA AIT SAADELLI;Maroc
25472;AIN KICHER;Maroc
22006;AIT ABBAS;Maroc
25422;AIT AMMAR;Maroc
22102;AIT ATTAB;Maroc
22322;AIT BLAL;Maroc
22012;AIT BOU OULLI;Maroc
54103;AIT ISHAK;Maroc
22303;AIT MAJDEN;Maroc
22403;AIT MAZIGH;Maroc
22152;AIT MHAMED;Maroc
22072;AIT OUARDA;Maroc
23154;AIT OUM EL BEKHT;Maroc
22304;AIT OUMDIS;Maroc
22572;AIT TAGUELLA;Maroc
22522;AIT TAMEJOUTE;Maroc
22323;AIT TAMLIL;Maroc
23206;AL KHALFIA;Maroc
22622;ANERGUI;Maroc
22324;ANZOU;Maroc
25372;ARBAA MAADNA;Maroc
22573;ARBAA OU AOULA;Maroc
22523;ARBAA OUAKABLI;Maroc
23052;ARHBALA;Maroc
22000;AZILAL;Maroc
25060;BEJAAD;Maroc
22202;BINE EL OUIDANE;Maroc
25373;BIR MEZOUI;Maroc
22652;BNI AYAT;Maroc
22372;BNI HASSANE;Maroc
23005;BNI OUKIL;Maroc
25374;BNI SMIR;Maroc
22574;BOUANTAR;Maroc
54352;BOUAYACHE;Maroc
25100;BOUJNIBA;Maroc
25072;BOUKHRISSE;Maroc
25152;BOULANOUAR;Maroc
23072;BOUTFARDA;Maroc
22250;BZOU;Maroc
23102;DAR OULD ZIDOUH;Maroc
22300;DEMNATE;Maroc
23376;DOUAR AIT ALI;Maroc
23522;EL BAZZAZA;Maroc
54032;EL BORJ;Maroc
25022;EL FOKRA;Maroc
25202;EL GUEFFAF;Maroc
54452;EL HAMMAM;Maroc
54022;EL HRI;Maroc
54203;EL KEBAB;Maroc
23572;EL KRAZZA;Maroc
23222;EL KRIFATE;Maroc
23150;EL KSIBA;Maroc
23272;FECHTALA;Maroc
23672;FERYATA;Maroc
23200;FKIH BEN SALAH;Maroc
23252;FOUM EL ANSER;Maroc
22353;FOUM JEMAA;Maroc
23006;FOUM OUDI;Maroc
23673;GHORM EL ALEM;Maroc
23372;GUETTAYA;Maroc
25252;HAD BNI BATAO;Maroc
23302;HAD BRADIA;Maroc
23122;HAD OULAD BOUMOUSSA;Maroc
23223;HAL EL MARBAA;Maroc
25300;HATTANE;Maroc
22172;IGMIR;Maroc
22273;IMADAHEN;Maroc
22305;IMLIL;Maroc
22406;ISSEKSI;Maroc
54472;JBEL AOUAMA;Maroc
25375;JEMAA OULAD AISSA;Maroc
54002;KAF NSOUR;Maroc
23350;KASBA TADLA;Maroc
25376;KASBAT TROCH;Maroc
54302;KERROUCHEN;Maroc
23224;KHEMIS BNI CHAGDAL;Maroc
22575;KHEMIS MAJDEN;Maroc
23022;LAAYAYTA;Maroc
23322;LAHLALMA;Maroc
25322;MFASSIS;Maroc
23023;M'GHILA;Maroc
54014;MOHA OU HAMMOU ZAYA;Maroc
22252;MOULAY AISSA BEN DRISS;Maroc
54403;MOULAY BOUAZZA;Maroc
54450;MRIRT;Maroc
23155;NAOUR;Maroc
22402;OUAOUIZARHT;Maroc
54102;OUAOUMANA;Maroc
25350;OUED ZEM;Maroc
23323;OULAD ALI LOUED;Maroc
23400;OULAD AYAD;Maroc
23573;OULAD BOURAHMOUNE;Maroc
23324;OULAD DRISS BRADIA;Maroc
25382;OULAD FENNANE;Maroc
25423;OULAD FTATA;Maroc
23156;OULAD GNAOUA;Maroc
25073;OULAD GOUAOUCH;Maroc
23225;OULAD HASSOUN;Maroc
23373;OULAD SAID EL OUED;Maroc
23226;OULED ABDELLAH;Maroc
25023;OULED ABDOUN;Maroc
25402;OULED BOUGHADI;Maroc
23452;OULED MBAREK;Maroc
23502;OULED YAICHE;Maroc
23374;OULED YOUSSEF;Maroc
23575;OULED ZMAM;Maroc
54473;OUM RABIA;Maroc
22576;OUZOUD;Maroc
22274;RFALA;Maroc
25522;ROUACHED;Maroc
25003;SEBT BENI YAKHLEF;Maroc
25383;SEBT DECHRA BRAKSA;Maroc
23550;SEBT OULAD NEMMA;Maroc
23375;SEMGUET;Maroc
23574;SIDI AISSA;Maroc
54015;SIDI AMAR;Maroc
54023;SIDI BOUABBED;Maroc
22306;SIDI BOULKHALF;Maroc
23232;SIDI HAMMADI;Maroc
54016;SIDI HCINE;Maroc
23602;SIDI JABER;Maroc
54025;SIDI LAMINE;Maroc
54425;SIDI MHAMED BEN MBAREK;Maroc
22312;SIDI YACOUB;Maroc
54202;SIDI YAHYA OU SAAD;Maroc
22022;SKATT;Maroc
54402;SOUK HAD BOUHSOUSSEN;Maroc
54423;SOUK SEBT AIT RAHOU;Maroc
54424;SOUK TNINE AIT BOUKHAYYOU;Maroc
22452;TABANNT;Maroc
22405;TABAROUCHT;Maroc
22373;TABIA;Maroc
25452;TACHREFT;Maroc
23652;TAGHZIRT;Maroc
22502;TAGUELFT;Maroc
22014;TAMDA NOUMERCID;Maroc
22552;TANANNT;Maroc
23674;TANORHA;Maroc
22122;TAOUNZA;Maroc
22325;TIDILI FETOUAKA;Maroc
22404;TIFFERT NAIT HAMZA;Maroc
22326;TIFNI;Maroc
54003;TIGHESSALINE;Maroc
22602;TILOUGGUITE;Maroc
22352;TISLIT;Maroc
22253;TISQI;Maroc
54382;TIZI NGHACHOU;Maroc
23073;TIZI NISLY;Maroc
25272;TLETA BENI ZRANTIL;Maroc
25502;TLETA CHOUGRANE;Maroc
25424;TLETA GNADIZ;Maroc
22702;TNINE TIMOULILT;Maroc
22002;ZAOUIA AHENSAL;Maroc
23700;ZAOUIAT CHEIKH;Maroc
23523;ZOUAIR;Maroc
29002;AEROPORT MOHAMED V;Maroc
29003;AEROPORT MOHAMED V TERMINAL 2;Maroc
13322;AHLAF;Maroc
26053;AIN DORBANE;Maroc
28630;AIN HARROUDA;Maroc
26022;AIN NZARH;Maroc
13016;AIN TIZGHA;Maroc
29643;AL MAJJATIA OULAD TALEB;Maroc
26272;ARBA OULAD BOU ALI;Maroc
24052;ARBAA AOUNATE;Maroc
24172;ARBAA CHTOUKA;Maroc
24100;AZEMMOUR;Maroc
27222;BEN ABID;Maroc
26050;BEN AHMED;Maroc
28815;BENI YAKHLEF;Maroc
13022;BENNABET;Maroc
13000;BENSLIMANE;Maroc
13023;BESSABES;Maroc
13103;BIR ENNASR;Maroc
24150;BIR JDID;Maroc
26152;BNI KHLOUG;Maroc
24355;BNI TSIRISS;Maroc
26014;BNI YAGRINE;Maroc
24122;BOUCEDRA;Maroc
26054;BOUGUARGOUH;Maroc
24362;BOUHMAME;Maroc
27182;BOUSKOURA;Maroc
13100;BOUZNIKA;Maroc
24403;CHAIBATE;Maroc
13104;CHERRAT;Maroc
27223;DAR BOUAZZA;Maroc
26172;DAR CHAFFAI;Maroc
26202;DEROUA OULAD ZIANE;Maroc
26573;DOUAR OULED NACEUR;Maroc
28822;ECH CHALLALATE;Maroc
26250;EL BOROUJ;Maroc
26300;EL GARA;Maroc
24223;EL HAGAGCHA;Maroc
13024;EL KRASSI;Maroc
13072;EL MANSOURIA;Maroc
24373;EL MECHREK;Maroc
13003;FEDALATE;Maroc
26303;FOQRA OULAD AAMEUR;Maroc
26473;GHNIMIYNE;Maroc
26352;GUISSER;Maroc
26023;HAD MZOURA;Maroc
26402;HAD SOUALEM;Maroc
24123;HAOUZIA;Maroc
26672;IMFOUT;Maroc
24363;JABRIA;Maroc
26304;JAQMA;Maroc
24025;JORF LASFAR;Maroc
26305;KASBAT BEN MCHICH;Maroc
24200;KHEMIS DES ZEMAMRA;Maroc
26522;KHEMIS GDANA;Maroc
24072;KHEMIS KSIBA;Maroc
24322;KHEMIS MTOUH;Maroc
26015;KHEMISSET CHAOUIA;Maroc
24364;KOUDIAT BNI DGHOUGH;Maroc
26273;KRAKRA;Maroc
24026;KRIDID;Maroc
24222;LAAOUISSATE;Maroc
24365;LAATATRA;Maroc
24104;LAGHDIRA;Maroc
24203;LAGHNADRA;Maroc
26055;LAHLAF MZAB;Maroc
26016;LAHOUAZA;Maroc
29004;LAHRAOUYINE;Maroc
26106;LAHSASNA;Maroc
26112;LAKHIAITA;Maroc
26056;LAKHZAZRA;Maroc
26306;LAMBARKIYINE;Maroc
24105;LAMHARZA ESSAHEL;Maroc
24224;LAMNAKRA EL HADDADA;Maroc
24073;MATRANN;Maroc
26673;MECHRA BEN ABBOU;Maroc
29490;MEDIOUNA;Maroc
13202;MELLILA;Maroc
26703;MESKOURA;Maroc
26072;MGARTO;Maroc
24124;MHAIOULA;Maroc
26062;MNIAA;Maroc
24404;MOGRESS;Maroc
13013;MOUALINE EL GHABA;Maroc
13033;MOULAINE EL OUED;Maroc
24003;MOULAY ABDELLAH;Maroc
26622;MRIZIG;Maroc
24372;MTAL;Maroc
26066;MZAMZA JANOUBIA;Maroc
26722;NKHILA;Maroc
27000;NOUACEUR;Maroc
24252;OUALIDIA;Maroc
26472;OUED BERS;Maroc
29672;OUED HASSAR;Maroc
26572;OUED NAANAA;Maroc
26025;OULAD AAFIF;Maroc
26450;OULAD ABBOU;Maroc
24022;OULAD AISSA;Maroc
13014;OULAD ALI TOUALAA;Maroc
26682;OULAD AMERA;Maroc
25323;OULAD AZZOUZ;Maroc
26274;OULAD BELKACEM;Maroc
24225;OULAD BEN CHAOUI;Maroc
24366;OULAD BOUSSAKEN;Maroc
26116;OULAD CEBBAH;Maroc
26063;OULAD CHBANA;Maroc
26275;OULAD DRISS;Maroc
24323;OULAD HAMDANE;Maroc
26276;OULAD HAMMOU;Maroc
24023;OULAD HASSINE;Maroc
26073;OULAD MHAMED;Maroc
26032;OULAD MRAH;Maroc
26173;OULAD N'JIMA;Maroc
24106;OULAD RAHMOUNE;Maroc
24272;OULAD RHANEM;Maroc
26502;OULAD SAID;Maroc
27184;OULAD SALAH;Maroc
24204;OULAD SBAITA;Maroc
24374;OULAD SI BOUHYA;Maroc
24324;OULAD SIDI ALI BEN YOUSSEF;Maroc
13012;OULAD YAHYA LOUTA;Maroc
26422;OULAD ZIANE;Maroc
24004;OULED AMRANE;Maroc
24302;OULED FREJ;Maroc
26312;OULED ZIDANE;Maroc
24173;OULJA DES CHIADMA;Maroc
26552;RAS EL AIN;Maroc
13015;RDADNA OULAD MALEK;Maroc
26122;RIAH;Maroc
26372;RIMA;Maroc
24226;SANIAT BENRKIK;Maroc
24352;SEBT BENI HLAL;Maroc
26024;SEBT OULAD FRIHA;Maroc
24422;SEBT SAISS;Maroc
26064;SGAMNA;Maroc
24405;SI HSAIEN BEN ABDERRAHMANE;Maroc
26113;SIDI ABDELKHALEQ;Maroc
26065;SIDI ABDELKRIM;Maroc
24032;SIDI ABED;Maroc
26174;SIDI AHMED EL KHADIR;Maroc
24112;SIDI ALI BEN HAMDOUCHE;Maroc
24350;SIDI BENNOUR;Maroc
13162;SIDI BETTACHE;Maroc
26704;SIDI BOUMEHDI;Maroc
24005;SIDI BOUZID;Maroc
26074;SIDI DAHBI;Maroc
26026;SIDI EL AIDI;Maroc
26114;SIDI EL MEKKI;Maroc
26600;SIDI HAJJAJ;Maroc
24034;SIDI MHAMED AKHDIM;Maroc
26033;SIDI MOHAMMED BEN RAHAL;Maroc
28814;SIDI MOUSSA BEN ALI;Maroc
28823;SIDI MOUSSA MAJDOUB;Maroc
24024;SIDI MOUSSA PLAGE;Maroc
26652;SIDI RAHHAL CHAOUIA;Maroc
26175;SIDI RAHHAL PLAGE;Maroc
26474;SIDI SAID MAACHOU;Maroc
24402;SIDI SMAIL;Maroc
13032;SOUALEM ET TIRS;Maroc
26115;SOUALEM TRIFIA;Maroc
27123;SOUK JEMAA SIDI EL AYACHI;Maroc
26034;TAMADROUST;Maroc
24375;TAMDA;Maroc
29640;TIT MELLIL;Maroc
26674;TLETA AIN BLAL;Maroc
24074;TLETA BOULAOUANE;Maroc
26700;TLETA LOULAD;Maroc
26623;TLETA OULAD FARES;Maroc
26232;TLETA OULAD SGHIR;Maroc
24175;TNINE CHTOUKA;Maroc
24452;TNINE GHARBIA;Maroc
13025;TNINE OULAD ALI;Maroc
26675;TNINE TOUALET;Maroc
24232;ZAOUIAT BEN HAMDOUNE;Maroc
24406;ZAOUIAT LAKOUACEM;Maroc
24412;ZAOUIAT SAISS;Maroc
26676;ZEMAMRA CHAOUIA;Maroc
13026;ZIAIDA;Maroc
74003;AGHOUINITE;Maroc
74002;AOUSSERD;Maroc
73016;BIR ANZARANE;Maroc
74004;BIR GANDOUZ;Maroc
73000;DAKHLA;Maroc
73014;EL ARGOUB;Maroc
73006;GLEIBAT EL FOULA;Maroc
73015;IMLILI;Maroc
74005;LAGOUIRA;Maroc
73012;MIJIK;Maroc
73013;OUM DREYGA;Maroc
74006;TICHLA;Maroc
74012;ZOUG;Maroc
52204;AARAB SEBBAH GHERIS;Maroc
52482;ACHBAROU;Maroc
47053;AFELLA NDRA;Maroc
47076;AFRA;Maroc
52426;AGDAL IMILCHIL;Maroc
47050;AGDZ;Maroc
54152;AGHBALOU NSERDANE;Maroc
54522;AGOUDIM;Maroc
54363;AIT AYACH;Maroc
45122;AIT BEN HADDOU;Maroc
54364;AIT BEN YACOUB;Maroc
47054;AIT BOUDAOUD;Maroc
45672;AIT EL FARSI;Maroc
52122;AIT HANI;Maroc
54222;AIT HNINI;Maroc
52022;AIT OTHMAN;Maroc
47723;AIT OUALLAL;Maroc
45153;AIT OUASSIF;Maroc
54272;AIT OUFELLA;Maroc
54372;AIT OUMGHAR;Maroc
45222;AIT RIDI;Maroc
47072;AIT SAOUN;Maroc
45172;AIT SEDRATE JBEL;Maroc
45174;AIT SEDRATE JBEL EL OULIA;Maroc
45154;AIT SEDRATE JBEL EL SOUFLA;Maroc
45223;AIT SEDRATE SAHL CHARKIA;Maroc
45155;AIT SEDRATE SAHL EL GHARBIA;Maroc
52406;AIT YAHYA;Maroc
45173;AIT YOUL;Maroc
45103;AIT ZINEB;Maroc
52452;ALNIF;Maroc
52272;AMELAGO;Maroc
54365;AMERSID;Maroc
45102;AMERZGANE;Maroc
52422;AMOUGUER;Maroc
54524;ANEMZI;Maroc
45273;ANMITER OUNILLA;Maroc
45772;ANZAL;Maroc
52053;AOUFOUS;Maroc
52200;ARFOUD;Maroc
52622;ARHBALOU NKERDOUSS;Maroc
45773;ASDIF;Maroc
52002;ASRIR OUED FERKLA;Maroc
52102;ASSOUL;Maroc
45104;AZNAGUEN;Maroc
47926;BLEIDA;Maroc
52472;BNI MHAMMED;Maroc
47922;BNI ZOLI;Maroc
52433;BOU AZMOU;Maroc
45774;BOUAZZER;Maroc
52150;BOUDNIB;Maroc
45150;BOUMALNE DADES;Maroc
54154;BOUMIA;Maroc
47925;BOUZEROUAL;Maroc
52023;CHORFA MDARHRA;Maroc
47725;DOUAR SITE;Maroc
45272;DOUAR SOUR;Maroc
52072;DOUIRA;Maroc
47572;EL BLIDA;Maroc
45200;EL KELAA MGOUNA;Maroc
52016;ER RTEB;Maroc
52400;ERRICH;Maroc
47903;ERROUHA;Maroc
52372;FAZNA;Maroc
52254;FERKLA EL OULIA;Maroc
52255;FERKLA ES SOUFLA;Maroc
47622;FEZOUATA;Maroc
52256;GHERIS EL OULOUI;Maroc
52262;GHERIS ES SOUFLI;Maroc
45022;GHESSATE;Maroc
52250;GOULMIMA;Maroc
52302;GOURRAMA;Maroc
45025;GUERNANE;Maroc
52402;GUERS TIALLALINE;Maroc
52405;GUIR;Maroc
52225;HANNABOU;Maroc
52473;HSSYIA;Maroc
45522;IDELSANE;Maroc
45156;IGHIL NOUMGOUN;Maroc
45253;IGHREM NOUGDAL;Maroc
45302;IKNIOUEN;Maroc
45523;IMASSINE;Maroc
45872;IMI NOULAOUEN;Maroc
45822;IMIDER;Maroc
52403;IMILCHIL;Maroc
45123;IMINI;Maroc
54252;ITZER;Maroc
52350;JORF;Maroc
45352;KHEMIS DADES;Maroc
52024;KHENG;Maroc
45775;KHOUZAMA;Maroc
52172;KSAR SAHLI;Maroc
47904;KTAOUA;Maroc
52602;MELLAB;Maroc
52202;MERZOUGA;Maroc
52025;MESKI;Maroc
47055;MEZGUITA;Maroc
52222;MFISS;Maroc
47402;MHAMID GHIZLANE;Maroc
54373;MIBLADEN;Maroc
54350;MIDELT;Maroc
52015;MOULAY ALI CHERIF;Maroc
45452;MSEMRIR;Maroc
52474;MSSICI;Maroc
52423;MZIZIL TILLECHTE;Maroc
47573;NESRATE;Maroc
47702;NKOB;Maroc
52424;NZALA AIT IZDEG;Maroc
45823;OUAKLIM;Maroc
52014;OUED NAAM;Maroc
45105;OUISSELSATE;Maroc
52073;OULAD CHAKER;Maroc
47422;OULAD DRISS EL GHOUZLANE;Maroc
47056;OULAD YAHIA LAGRAIRE;Maroc
45472;OUSSIKIS AIT AZZA;Maroc
52432;OUTERBAT;Maroc
52450;RISSANI;Maroc
52453;SEFFALATE;Maroc
52434;SIDI AAYAD;Maroc
52455;SIDI ALI;Maroc
52475;SIDI ALI TAFRAOUT;Maroc
54523;SIDI YAHIA O YOUSSEF;Maroc
52223;SIFA ARAB SEBBAH ZIZ;Maroc
45106;SIROUA;Maroc
45502;SKOURA AHL AL OUST;Maroc
54374;TAAKIT;Maroc
45224;TABERKHACHTE;Maroc
45023;TABOURAHTE;Maroc
52502;TADIRHOUST;Maroc
47724;TAFTECHNA;Maroc
54376;TAGHZOUTE CHORAFA;Maroc
47552;TAGOUNITE;Maroc
45252;TALOUET;Maroc
54273;TAMAYOUSTE;Maroc
45124;TAMDAKHTE;Maroc
47602;TAMEGROUTE;Maroc
47073;TAMEZMOUTE;Maroc
52273;TAMHRACH RHERISS;Maroc
54366;TANOURDI;Maroc
47074;TANSSIFTE;Maroc
52224;TAOUZ;Maroc
47722;TARHBALTE;Maroc
45652;TARHZOUTE NAIT ATTA;Maroc
45750;TAZNAKHT;Maroc
52173;TAZOUGARTE;Maroc
47703;TAZZARINE;Maroc
47923;TERNATA;Maroc
45112;TIDLI;Maroc
45473;TILMI;Maroc
52252;TILOUINE;Maroc
52522;TIMEZGUITE;Maroc
52600;TINEJDAD;Maroc
45800;TINGHIR;Maroc
47924;TINZOULINE;Maroc
45024;TIOUINE;Maroc
45824;TOUDGHA;Maroc
45852;TOUNDOUTE;Maroc
54502;TOUNFITE;Maroc
52623;TOUROUG;Maroc
47900;ZAGORA;Maroc
54375;ZAIDA;Maroc
47075;ZAOUIA KADIRIA;Maroc
52425;ZAOUIA SIDI HAMZA;Maroc
45372;ZAOUIT EL BIR;Maroc
47574;ZAOUIT SIDI SALAH;Maroc
52052;ZRIGATE;Maroc
33022;ACHLOUJ;Maroc
51050;AGOURAI;Maroc
34252;AIN AICHA;Maroc
34122;AIN BARDA;Maroc
30045;AIN BIDA;Maroc
36156;AIN BOU ALI;Maroc
35222;AIN BOUMASSAY;Maroc
31052;AIN CHEGGAG;Maroc
36122;AIN CHKEF;Maroc
35322;AIN EL FENDEL;Maroc
35074;AIN EL HAMRA;Maroc
50022;AIN EL ORMA;Maroc
50052;AIN JEMAA;Maroc
36222;AIN KANSARA;Maroc
50023;AIN KERMA;Maroc
34222;AIN LEGDEH;Maroc
53052;AIN LEUH;Maroc
34272;AIN MAATOUF;Maroc
34003;AIN MEDIOUNA;Maroc
51100;AIN TAOUJDATE;Maroc
31204;AIN TIMGUENAI;Maroc
31022;AIOUN SENAME;Maroc
33122;AIT ABDALLAH BOUKHAMOUJ;Maroc
50024;AIT AISSA ADDI;Maroc
33172;AIT BAZZA;Maroc
51103;AIT BOUBIDMANE;Maroc
51005;AIT BOURZOUINE;Maroc
33173;AIT EL MANE;Maroc
53022;AIT HAMAD RIBAA;Maroc
33052;AIT HAMZA;Maroc
51104;AIT HARZ ALLAH;Maroc
51006;AIT NAAMANE;Maroc
50072;AIT OUALLAL;Maroc
51054;AIT OUIKHALFEN;Maroc
50026;AIT RAHHOU MJATT;Maroc
31272;AIT SEBAA;Maroc
51025;AIT YAAZEM;Maroc
53122;AIT YAHIA OU ALLA;Maroc
35050;AKNOUL;Maroc
50062;AL MACHOUAR STINIA;Maroc
33053;ALMIS GUIGOU;Maroc
33174;ALMIS MARMOUCHA;Maroc
35223;AOURA;Maroc
35002;ARBAA BENI FTAH;Maroc
31023;ARHBALOU AKORARE;Maroc
53100;AZROU;Maroc
31002;AZZABA;Maroc
35022;BAB BOUIDIR;Maroc
35003;BAB EL MROUJ;Maroc
35004;BAB MARZOUKA;Maroc
34022;BAB OUANDAR;Maroc
35023;BECHIYINE;Maroc
53123;BEN SMIM;Maroc
35024;BENI ALI;Maroc
50372;BENI AMMAR;Maroc
35005;BENI LENNT;Maroc
35272;BENI MGARA;Maroc
34172;BENI OUNJIL TAFRAOUTE;Maroc
31100;BHALIL;Maroc
31152;BIR TAMTAM;Maroc
51123;BITTIT;Maroc
34005;BNI KORRA;Maroc
34004;BNI OULID;Maroc
34053;BNI SNOUS;Maroc
34055;BOUADEL;Maroc
34012;BOUAROUS;Maroc
34072;BOUCHABEL;Maroc
35273;BOUCHFAA;Maroc
51026;BOUDERBALA;Maroc
50300;BOUFAKRANE;Maroc
35274;BOUHLOU;Maroc
34006;BOUHOUDA;Maroc
33000;BOULEMANE;Maroc
35053;BOURED;Maroc
35303;BOUYABLANE;Maroc
35202;BOUZEMLANE;Maroc
35065;BRARHA;Maroc
50046;BRIDIA;Maroc
50354;CHARQAOUA;Maroc
31026;DAR EL HAMRA;Maroc
50063;DAR OUM SOLTANE;Maroc
53023;DAYAT AOUA;Maroc
50064;DKHISSA;Maroc
31003;EL ADREJ;Maroc
34223;EL BESSABSSA;Maroc
35172;EL GOUZAT;Maroc
34023;EL HADDADA;Maroc
50102;EL HADJ KADDOUR;Maroc
51000;EL HAJEB;Maroc
31200;EL MENZEL;Maroc
33102;EL MERS;Maroc
33324;EL ORJANE;Maroc
33002;ENJIL;Maroc
33023;ENJIL AIT LAHCEN;Maroc
33006;ERMILA;Maroc
34045;FENNASSA BAB EL HIT;Maroc
33322;FRITISSA;Maroc
34024;GALAZ;Maroc
34100;GHAFSAI;Maroc
34076;GHOUAZI;Maroc
35025;GUELDAMANE;Maroc
35076;GZENAYA AL JANOUBIA;Maroc
35152;HAD MSILA;Maroc
35042;HAD OULAD ZBAIR;Maroc
50383;HAFRAT BEN TAYBI;Maroc
36123;HAMRIA;Maroc
33024;IFKIRNE;Maroc
53000;IFRANE;Maroc
35323;IFRANE AIT ASSOU;Maroc
31372;IGHEZREN;Maroc
31205;IGHZRANE;Maroc
31250;IMOUZZER KANDAR;Maroc
33152;IMOUZZER MARMOUCHA;Maroc
35075;INAHNAHEN;Maroc
51012;IQADDAR;Maroc
34073;JBABRA;Maroc
35072;JBARNA;Maroc
52476;JBIYEL;Maroc
35044;KAHF EL RHAR;Maroc
31014;KANDAR SIDI KHIAR;Maroc
35275;KAOUANE;Maroc
34050;KARIA BA MOHAMED;Maroc
35422;KASSARAT;Maroc
50373;KERMAT BEN SALEM;Maroc
34002;KHLALFA;Maroc
34104;KISSANE;Maroc
34123;KLAIA;Maroc
33202;KSABI;Maroc
33254;KSABI MOULOUYA;Maroc
36124;LAAJAJRA;Maroc
31015;LAANOUSSAR;Maroc
34126;LAMKMMEL;Maroc
51124;LAQSIR;Maroc
30022;LE SAIS;Maroc
36162;LOUADAINE;Maroc
34074;LOULJA;Maroc
35103;MAHIRIJA;Maroc
35203;MATMATA;Maroc
35006;MEKNASSA ACHARQIA;Maroc
35012;MERHRAOUA;Maroc
34224;MESSASSA;Maroc
34025;MEZRAOUA;Maroc
36125;MIKKES;Maroc
33250;MISSOUR;Maroc
34075;MKANNSSA;Maroc
34054;MKANSA;Maroc
34083;MOULAY ABDELKRIM;Maroc
34033;MOULAY BOUCHTA;Maroc
50350;MOULAY IDRISS;Maroc
36150;MOULAY YACOUB;Maroc
50374;MOUSSAOUA;Maroc
50375;MRHASSIYNE;Maroc
35026;MSOUN;Maroc
31222;MTARNARGHA;Maroc
50352;NZALATE BNI AMMAR;Maroc
33175;OUAOULZEMT;Maroc
34105;OUDKA;Maroc
51172;OUED AL JADIDAH;Maroc
35250;OUED AMLIL;Maroc
35423;OUED EL MALEH;Maroc
34225;OUED JEMAA;Maroc
35424;OUED LAHMAR;Maroc
50025;OUED ROMMANE;Maroc
53124;OUGMAS;Maroc
50045;OUISLANE;Maroc
33273;OUIZEGHT;Maroc
33013;OULAD ALI YOUSSEF;Maroc
35224;OULAD AYYAD;Maroc
35046;OULAD CHRIF;Maroc
34273;OULAD DAOUD;Maroc
30023;OULAD ETTAYEB;Maroc
34124;OULAD SALAH;Maroc
33272;OULAD SGHIR;Maroc
33302;OULED ALI;Maroc
31202;OULED M'KOUDOU;Maroc
34044;OURTZARH;Maroc
34226;OUTA BOUABANE;Maroc
33300;OUTAT EL HAJ;Maroc
34032;QUALLALINE;Maroc
34232;RAS EL OUED;Maroc
51032;RAS JERRI;Maroc
31302;RAS TABOUDA;Maroc
35253;RBAA EL FOUKI;Maroc
35122;RCHIDA;Maroc
34102;RETBA;Maroc
34026;RGHIOUA;Maroc
31350;RIBATE EL KHEIR;Maroc
51150;SABAA AIYOUN;Maroc
36104;SEBAA ROUADI;Maroc
35013;SEBT BNI FRASSEN;Maroc
51052;SEBT JEHJOUH;Maroc
36155;SEBT LOUDAYA;Maroc
33005;SERGHINA;Maroc
34034;SGOURA;Maroc
50356;SIDI ABDALLAH AL KHAYAT;Maroc
53102;SIDI ADDI;Maroc
36152;SIDI AHMED EL BERNOUSSI;Maroc
50376;SIDI ALI BENHAMDOUCHE;Maroc
35324;SIDI ALI BENNACER;Maroc
35372;SIDI ALI BOURAKBA;Maroc
33255;SIDI BOUTAYEB;Maroc
36172;SIDI DAOUD;Maroc
34082;SIDI EL ABED;Maroc
53114;SIDI EL MAKHFI;Maroc
34036;SIDI EL MOKHFI;Maroc
34133;SIDI HAJ MHAMED;Maroc
30205;SIDI HARAZEM;Maroc
31025;SIDI LAHCEN EL YOUSSI;Maroc
34233;SIDI MHAMED BEN LAHCEN;Maroc
50122;SIDI SLIMANE MJATT;Maroc
34106;SIDI YAHYA BNI ZEROUAL;Maroc
31024;SIDI YOUSSEF BEN AHMED SENHAJA;Maroc
33012;SKOURA MDAZ;Maroc
33352;SKOURA SEGHROUCHEN;Maroc
35325;SMIAA;Maroc
53103;SOUK EL HAD OUED IFRANE;Maroc
36126;SOUK SEBT OULAD MIMOUN;Maroc
34014;TABOUDA;Maroc
31032;TAFAJIGHT;Maroc
34013;TAFRANNT;Maroc
33025;TAFRAOUTE AIT ALI OULAHCEN;Maroc
33372;TAGHROUTE;Maroc
34150;TAHAR SOUK;Maroc
35300;TAHLA;Maroc
35014;TAINESTE;Maroc
33176;TALZEMT;Maroc
51055;TAMCHACHATE;Maroc
34173;TAMEDIT;Maroc
34125;TAMESNITE;Maroc
34000;TAOUNATE;Maroc
35062;TAZARINE MSARA;Maroc
31004;TAZOUTA;Maroc
35073;TIGHEZRATINE;Maroc
35123;TIGHZA;Maroc
53113;TIGRIGRA;Maroc
53104;TIMAHDITE;Maroc
34042;TIMEZGANA;Maroc
33303;TINDIT;Maroc
34200;TISSA;Maroc
33323;TISSAF;Maroc
53004;TIZGUITE;Maroc
35352;TIZI OUZLI;Maroc
35056;TLATA TRAIBA;Maroc
50152;TNINE MHAYA;Maroc
35045;TNINE TAIFA;Maroc
34132;TNINE ZGHARIYINE;Maroc
35036;TOUAHAR;Maroc
50110;TOULAL;Maroc
50382;VOLUBILIS;Maroc
53024;ZAOUIA AIT SIDI ABDESSLAM;Maroc
31223;ZAOUIA BOUGRINE;Maroc
35225;ZAOUIA SIDI ABDEJLIL;Maroc
31273;ZAOUIAT EL KERMATE;Maroc
35402;ZERARDA;Maroc
50044;ZOUALET;Maroc
34043;ZRIZER;Maroc
24376;LAAMRIA;Maroc
13035;OULAD YAHYA LOUTA;Maroc
26124;SAHEL OULAD H'RIZ;Maroc
81024;ABAINOU;Maroc
82022;ABTEH;Maroc
81025;AFEREKET AIT YASSINE;Maroc
81046;AFERKAT;Maroc
81072;AIT BOUFOULNE;Maroc
85052;AIT ERKHA;Maroc
81036;AL MAHBASS;Maroc
81122;AMSRA;Maroc
81016;AMTDI;Maroc
85272;ANFEG;Maroc
81022;AOUINATE AIT OUSSA;Maroc
81023;AOUINATE TOURKOZ;Maroc
81212;AOUINT LAHNA;Maroc
81213;AOUINT YGHOMANE;Maroc
85522;ARBAA AIT ABDELLAH;Maroc
81026;ASRIR AZOUAFIT;Maroc
81010;ASSA;Maroc
85035;ASSAKA;Maroc
82012;BEN KHLIL;Maroc
81050;BOUIZAKARNE;Maroc
85275;BOUTROUCH;Maroc
82013;CHBIKA;Maroc
81013;ECHATEA EL ABIED;Maroc
82010;EL OUATIA;Maroc
81003;FASK;Maroc
81000;GUELMIM;Maroc
85274;IBDAR;Maroc
81102;IFRANE ATLAS SEGHIR;Maroc
81033;IMI NFAST;Maroc
85252;JEMAA NTIGHIRT;Maroc
81005;KSABI AIT LAHCEN;Maroc
81042;LABIAR;Maroc
81035;LABOUIRAT;Maroc
81014;LAQSABI TAGOUST;Maroc
85302;MESTI;Maroc
85352;MIRLEFT;Maroc
82023;M'SIED;Maroc
81034;RASS OUMLIL;Maroc
85203;SBOUYA;Maroc
85273;SEBT ENNABOUR;Maroc
85072;SIDI ABDELLAH OU BELAID;Maroc
85200;SIDI IFNI;Maroc
81052;TAGANTE;Maroc
82000;TAN TAN;Maroc
85622;TANGARFA;Maroc
81123;TANKERT;Maroc
81032;TARGA WASSAY;Maroc
81152;TARHJIJT;Maroc
81044;TIGHMERT AZOUAFIT;Maroc
81015;TIGLIT;Maroc
82014;TILEMZOUN;Maroc
81043;TILOUINE ASSAKA;Maroc
81053;TIMOULAY;Maroc
85502;TIOURHZA;Maroc
85550;TLETA EL AKHSASS;Maroc
81172;TNINE ADAI;Maroc
85602;TNINE AMELLOU;Maroc
81214;TOUIZGUI;Maroc
81006;ZAG;Maroc
70073;AKHFENNIR;Maroc
72005;AMGALA;Maroc
71000;BOUJDOUR;Maroc
70042;BOUKRAA;Maroc
70072;DAOURA;Maroc
70023;DCHEIRA TAFOUDART;Maroc
70054;EL HAGOUNIA;Maroc
70022;FOUM EL OUED;Maroc
71004;GUELTAT ZEMMOUR;Maroc
72006;HAOUZA;Maroc
72012;JDIRIYA;Maroc
71003;JRAIFIA;Maroc
71005;LAMSSID;Maroc
72013;SIDI AHMED LAAROUSS;Maroc
72000;SMARA;Maroc
70055;TAH;Maroc
70050;TARFAYA;Maroc
72014;TIFARITI;Maroc
62022;AAZANEN;Maroc
61005;ABBOU LAKHAL;Maroc
60023;AEREPORT OUJDA ANGAD;Maroc
62822;AFSOU;Maroc
63050;AHFIR;Maroc
60085;AHL ANGAD;Maroc
65806;AHL OUED ZA;Maroc
64100;AIN BNI MATHAR;Maroc
61103;AIN CHAIR;Maroc
61052;AIN CHOUATER;Maroc
61222;AIN ECHCHAIR;Maroc
64152;AIN EL GUENFOUDA;Maroc
63200;AIN ERREGGADA;Maroc
60005;AIN ES SFA;Maroc
65256;AIN LEHJER;Maroc
62252;AIN ZORAH;Maroc
61122;AIT AHMAD OU HADDOU;Maroc
62254;AIT MAIT;Maroc
62422;AJERMOUNAS;Maroc
63250;AKLIM;Maroc
62550;AL AAROUI;Maroc
62035;AL BARKANYENE;Maroc
62255;AMEJJAOU;Maroc
61272;ANOUAL BOUCHAOUEN;Maroc
63072;ARHBAL;Maroc
35124;ASSEBBAB;Maroc
62256;AZLAF;Maroc
62102;BEN TIB;Maroc
62672;BENI BOU IFROUR;Maroc
61102;BENI TAJJITE;Maroc
35102;BERKINE;Maroc
62050;BNI ANSAR;Maroc
60350;BNI DRAR;Maroc
61006;BNI GUIL;Maroc
60064;BNI KHALED;Maroc
62044;BNI MARGHNINE;Maroc
60032;BNI OUKIL;Maroc
62042;BNI OUKIL OULAD MHAND;Maroc
62872;BNI SIDEL LOUTA;Maroc
61152;BOUANANE;Maroc
61200;BOUARFA;Maroc
62023;BOUARG;Maroc
62152;BOUDINAR;Maroc
63254;BOUGHRIBA;Maroc
61273;BOUMERIEM;Maroc
63253;CHOUIHIA;Maroc
62202;DAR KEBDANI;Maroc
65400;DEBDOU;Maroc
62253;DRIOUCH;Maroc
65812;EL AIOUN SIDI MELLOUK;Maroc
65450;EL AIOUNE;Maroc
64572;EL AOUINET;Maroc
65404;EL ATEF;Maroc
60006;EL BESSARA;Maroc
62024;FARKHANA;Maroc
63053;FEZOUANE;Maroc
61000;FIGUIG;Maroc
65813;GTETER;Maroc
64573;GUEFAIT;Maroc
35100;GUERCIF;Maroc
62302;HAD BNI CHIKER;Maroc
62902;HASSI BERKANE;Maroc
64500;HASSI BLAL;Maroc
35043;HOUARA OULAD RAHHO;Maroc
62045;IFERNI;Maroc
62673;IHADDADENE;Maroc
62034;IKSANE;Maroc
60086;ISLY;Maroc
64550;JERADA;Maroc
62522;KACETA;Maroc
62352;KARIAT ARKMANE;Maroc
62402;KHEMIS TEMSAMANE;Maroc
64553;LAAOUINATE;Maroc
63054;LAATAMNA;Maroc
63324;LAATMNA;Maroc
35116;LAMRIJA;Maroc
64554;LEBKHATA;Maroc
61012;MAATARKA;Maroc
63303;MADAGH;Maroc
65472;MECHRA HOUMMADI;Maroc
62025;MECHRA KLILA;Maroc
65823;MELG EL OUIDANE;Maroc
61223;MENGOUB;Maroc
64122;MERIJA;Maroc
60025;MESTEFERKI;Maroc
65473;MESTIGMER;Maroc
35104;MEZGUITEM;Maroc
62452;MHAJER;Maroc
62502;MIDAR;Maroc
62553;MONTE ARRUI;Maroc
62263;MTALSSA;Maroc
60070;NAIMA;Maroc
62046;OUARDANA;Maroc
64022;OUED EL HEIMER;Maroc
62172;OULAD AMGHAR;Maroc
62272;OULAD BOUBKER;Maroc
35055;OULAD BOURIMA;Maroc
62922;OULAD DAOUD ZKHANINE;Maroc
65405;OULAD MHAMMED;Maroc
62043;OULAD SETTOUT;Maroc
64103;OULAD SIDI ABDELHAKEM;Maroc
64123;OULED GHZIYEL;Maroc
64555;RAS ASFOUR;Maroc
62602;RAS EL MA;Maroc
35125;RAS LAKSAR;Maroc
63672;RISLANE;Maroc
63600;SAIDIA;Maroc
35105;SAKA;Maroc
62702;SELOUANE;Maroc
65406;SIDI ALI BELKASSEM;Maroc
64556;SIDI BOUBKER;Maroc
63652;SIDI BOUHOURIA;Maroc
60065;SIDI BOULENOUAR;Maroc
65822;SIDI LAHCEN;Maroc
60066;SIDI MOUSSA LEMHAYA;Maroc
63255;SIDI SLIMANE ECHCHARRAA;Maroc
60700;SIDI YAHIA D'OUJDA;Maroc
35115;TADDART;Maroc
62752;TAFERSITE;Maroc
63752;TAFORHALT;Maroc
62123;TALILIT;Maroc
61252;TALSINNT;Maroc
65474;TANCHERFI;Maroc
62026;TAOUIMA;Maroc
65800;TAOURIRT;Maroc
62262;TAZAGHINE;Maroc
61302;TENDRARA;Maroc
64872;TIOULI;Maroc
62122;TIZIRHINE;Maroc
62802;TIZTOUTINE;Maroc
62852;TLETA JBEL;Maroc
62523;TLETA TAZLAFT;Maroc
64850;TOUISSIT;Maroc
62053;TROUGOUT;Maroc
32253;TROUKOUT;Maroc
62054;TSAFT;Maroc
62900;ZAIO;Maroc
63322;ZAYEST;Maroc
62650;ZEGHANGHANE;Maroc
63323;ZEGZEL;Maroc
64902;ZELLIDJA BOUBKER;Maroc
60024;ZOUDJ BGHAL;Maroc
42072;ABADOU;Maroc
44236;ADAGHAS;Maroc
41232;ADASSIL;Maroc
41084;AFALLA ISSEN;Maroc
40254;AGAFAY;Maroc
42472;AGHBALOU;Maroc
42153;AGHBAR;Maroc
42304;AGHOUATIM;Maroc
44204;AGLIF;Maroc
44205;AGUERD;Maroc
41025;AHDIL;Maroc
43072;AIN IGLI;Maroc
40022;AIN ITTI;Maroc
41053;AIN TAZITOUNTE;Maroc
44273;AIN ZELTEN;Maroc
42073;AIT AADEL;Maroc
44206;AIT AISSI IHAHANE;Maroc
44060;AIT DAOUD;Maroc
42082;AIT FASKA;Maroc
41054;AIT HADDOU YOUSSEF;Maroc
41102;AIT HADI;Maroc
43175;AIT HAMMOU;Maroc
42053;AIT HKIM AIT YZID;Maroc
42050;AIT OURIR;Maroc
44012;AIT SAID;Maroc
42083;AIT SIDI DAOUD;Maroc
43412;AIT TALEB;Maroc
43222;AKERMA;Maroc
44126;AKERMOUD;Maroc
41103;ALOUIDANE;Maroc
42104;AMGHRAS;Maroc
42103;AMIZMIZ;Maroc
42124;ANOUGAL;Maroc
41202;ARBAA DOUIRANE;Maroc
44222;ARBAA IDA OU TROUMA;Maroc
44005;ARBAA IDA OUGOURD;Maroc
46022;ARBAA KHATTAZAKARNE;Maroc
42074;ARBAA TIRHEDOUINE;Maroc
42152;ASNI;Maroc
44083;ASSAIS;Maroc
41072;ASSERRATOU;Maroc
42123;ASSIF EL MAL;Maroc
46072;ATIAMIM;Maroc
46172;ATOUABET;Maroc
42122;AZGOUR;Maroc
46023;BEDDOUZA;Maroc
43150;BENGUERIR;Maroc
44252;BIZDAD;Maroc
41073;BOUABOUTE;Maroc
41222;BOULAOUANE;Maroc
43304;BOURROUS;Maroc
43122;BOUYA OMAR;Maroc
44212;BOUZEMMOUR;Maroc
46044;CHAHDA;Maroc
41000;CHICHAOUA;Maroc
43112;CHOARA;Maroc
40023;CHOUITER;Maroc
43073;CHTAIBA;Maroc
42105;DAR JAMAA;Maroc
46026;DAR SI AISSA;Maroc
43074;DECHRA;Maroc
40024;DOUAR CHAOUF EL AYADI;Maroc
43123;DZOUZ;Maroc
46053;ECHEMMAIA;Maroc
43472;EJJOUALA;Maroc
43052;EL AAMRIA;Maroc
46042;EL GOURAANI;Maroc
43022;EL HYDANA;Maroc
43000;EL KELAA DES SRAGHNA;Maroc
43006;EL MARBOUH;Maroc
43012;ERRAFIAYA;Maroc
46322;ESBIAAT;Maroc
44213;EZZAOUITE;Maroc
42252;GHMATE;Maroc
41223;GUEMASSA;Maroc
40066;HAD ABADALLAH GHIATE;Maroc
44003;HAD DRAA;Maroc
43124;HAD FRAITA;Maroc
46006;HAD HARARA;Maroc
43422;HAD JAAFRA;Maroc
41224;HAD MJATT;Maroc
40173;HAD MNABHA;Maroc
44122;HAD MRAMER;Maroc
43202;HAD RAS EL AIN;Maroc
42075;HAD ZERKTEN;Maroc
41104;HARBIL;Maroc
43034;HIADNA;Maroc
41083;ICHAMRAREN;Maroc
44223;IDA OU GUELLOUL;Maroc
44226;IDA OU KAZZOU;Maroc
44072;IDA OUAZZA;Maroc
42154;IGHIL;Maroc
42402;IGOUDAR;Maroc
42054;IGUERFEROUANE;Maroc
42155;IJOUKAK;Maroc
42172;IMGDAL;Maroc
44214;IMGRADE;Maroc
41233;IMINDOUNIT;Maroc
41050;IMINTANOUTE;Maroc
41055;IROHALEN;Maroc
43223;JAIDATE;Maroc
46100;JAMAAT SHAIM;Maroc
43473;JBIEL;Maroc
43406;JBILATE;Maroc
46073;JDOUR;Maroc
43172;JEMAA EL MA BARED;Maroc
46082;JNANE BOUIH;Maroc
44013;KECHOULA;Maroc
40152;KETTARA;Maroc
44274;KHEMIS MESKALA;Maroc
46173;KHEMIS NGA;Maroc
44132;KHEMIS TAKATE;Maroc
41006;KOUZEMT;Maroc
46153;LAAMAMRA;Maroc
43114;LAATAMNA;Maroc
43125;LAATMNA SRARHNA;Maroc
43100;LAATTAOUIA;Maroc
43102;LAATTAOUIA ECH CHAYBIA;Maroc
46122;LABKHATI;Maroc
44014;LAGDADRA;Maroc
46043;LAHDAR;Maroc
44015;LAHSINATE;Maroc
46074;LAKHOUALQA;Maroc
41074;LALLA AZIZA;Maroc
42202;LALLA TAKARKOUSTE;Maroc
46154;LAMAACHATE;Maroc
43324;LAMHARRA;Maroc
46175;LAMRASLA;Maroc
46125;LAMSABIH;Maroc
44123;LAMZILATE;Maroc
43272;LOUAD LAKHDAR;Maroc
43023;MAYATE;Maroc
44124;MEJJI;Maroc
44016;MKHALIF;Maroc
44276;MOUARID;Maroc
46123;MOUL BERGUI;Maroc
44022;MOULAY BOUZARQTOUNE;Maroc
42174;MOULAY BRAHIM;Maroc
40026;MRABTINE;Maroc
43103;MZEM SANHAJA;Maroc
41022;MZOUDIA;Maroc
41056;NFIFA;Maroc
40172;NZALAT EL HARMEL;Maroc
43302;NZALATE LAADIM;Maroc
41082;OUAD LBOUR;Maroc
41105;OUAHAT SIDI BRAHIM;Maroc
43273;OUARGUI;Maroc
42106;OUAZGUITA;Maroc
40062;OUED LAHJAR;Maroc
42173;OUIRGANE;Maroc
40273;OUKAIMEDEN;Maroc
43076;OULAD AAMER;Maroc
43174;OULAD AAMER TIZMARINE;Maroc
43104;OULAD AARRAD;Maroc
40063;OULAD BELAAGUID;Maroc
43035;OULAD BOUALI LOUED;Maroc
43013;OULAD CHERKI;Maroc
40064;OULAD DLIM;Maroc
43014;OULAD EL GARNE;Maroc
43176;OULAD HASSOUNE HAMRI;Maroc
43305;OULAD IMLOUL;Maroc
43105;OULAD KHALLOUF;Maroc
43015;OULAD MASSAOUD;Maroc
41003;OULAD MOUMNA;Maroc
44023;OULAD MRABET;Maroc
43083;OULAD MSABBEL;Maroc
42112;OULAD MTAA;Maroc
43016;OULAD SBIH;Maroc
43024;OULAD YACOUB;Maroc
43026;OULAD ZARRAD;Maroc
46035;OULED SELMANE;Maroc
44133;OUNAGHA;Maroc
43075;PONT TASSAOUTE;Maroc
41012;RAHHALA;Maroc
43306;RAS AIN RHAMNA;Maroc
46203;RAS EL AIN;Maroc
46075;RAS EL AIN AHMAR;Maroc
46155;SAADLA;Maroc
43252;SAHRIJ;Maroc
41023;SAIDATE;Maroc
40272;SEBT AIT IMOUR;Maroc
43173;SEBT BRIKYINE;Maroc
46150;SEBT GZOULA;Maroc
44224;SEBT IMGHADE;Maroc
44272;SEBT KORIMATE;Maroc
44073;SEBT MEKNAFA;Maroc
41225;SEBT MZOUDA;Maroc
43025;SEBT OUNASDASS;Maroc
43423;SIDI ABDALLAH;Maroc
44024;SIDI ABDELJALIL;Maroc
41013;SIDI ABDELMOUMEN;Maroc
44082;SIDI AHMED ESSAYEH;Maroc
46202;SIDI AHMED GUENTOUR;Maroc
43274;SIDI AISSA BEN SLIMANE;Maroc
44025;SIDI AISSA REGRAGUI;Maroc
44026;SIDI ALI EL KORATI;Maroc
43403;SIDI ALI LABRAHLA;Maroc
42113;SIDI BADHAJ;Maroc
43303;SIDI BOU OTHMANE;Maroc
43322;SIDI BOUBKER;Maroc
44032;SIDI BOULAALAM;Maroc
41014;SIDI BOUZID ARRAGRAGUI;Maroc
46076;SIDI CHIKER;Maroc
43275;SIDI DRISS;Maroc
43082;SIDI EL HATTAB;Maroc
44215;SIDI EL JAZOULI;Maroc
43424;SIDI GHANEM;Maroc
44216;SIDI HMAD OU HAMED;Maroc
44232;SIDI HMAD OU MBAREK;Maroc
44134;SIDI ISHAQ;Maroc
44125;SIDI KAOUKI;Maroc
44033;SIDI LAAROUSSI;Maroc
43404;SIDI MANSOUR;Maroc
41004;SIDI MHAMED DALIL;Maroc
44034;SIDI MHAMED OU MARZOUQ;Maroc
41152;SIDI MOKHTAR;Maroc
43036;SIDI MOUSSA;Maroc
43350;SIDI RAHHAL;Maroc
46024;SIDI TIJI;Maroc
40202;SIDI ZOUINE;Maroc
43402;SKHOUR REHAMNA;Maroc
43405;SKOURA LHADRA;Maroc
44053;SMIMOU;Maroc
40255;SOUIHLA;Maroc
46025;SOUIRA KEDIMA;Maroc
46034;SOUK EYR;Maroc
43106;SOUR EL AAZ;Maroc
42303;STI FADMA;Maroc
42076;TADDART;Maroc
44074;TAFEDNA;Maroc
44102;TAFTECHT;Maroc
42302;TAHANAOUTE;Maroc
44233;TAHELOUANTE;Maroc
44234;TAKOUCHT;Maroc
44150;TALMEST;Maroc
42055;TAMAGUERT;Maroc
43450;TAMALLALT;Maroc
44200;TAMANAR;Maroc
40300;TAMANSOURT;Maroc
42272;TAMAZOUZTE;Maroc
42312;TAMESLOUHTE;Maroc
41075;TAOULOUKOUT;Maroc
43032;TAOUZINT;Maroc
44235;TARGANTE;Maroc
40065;TASSOULTANTE;Maroc
42084;TAZZARTE;Maroc
42085;TIDILI MESFIOUA;Maroc
44075;TIDZI;Maroc
41076;TIMEZGUADIOUINE;Maroc
41005;TIMLILT;Maroc
44225;TIMZGUIDA OUFTAS;Maroc
42102;TIZGUINE;Maroc
44250;TLATA HANCHANE;Maroc
43312;TLAUH;Maroc
46052;TLETA IRHOUD;Maroc
43276;TLETA MZEM;Maroc
42353;TLETA NYACOUB;Maroc
46124;TLETA SIDI AISSA;Maroc
46252;TLETA SIDI BOUGUEDRA;Maroc
43154;TNINE BOUCHANE;Maroc
44275;TNINE IDA OU ZEMZEM;Maroc
44076;TNINE IMI NTLIT;Maroc
43323;TNINE MHARA;Maroc
40253;TNINE OUDAYA;Maroc
42452;TNINE OURIKA;Maroc
46174;TNINE RHIATE;Maroc
42086;TOUAMA;Maroc
46300;YOUSSOUFIA;Maroc
44004;ZAOUIA BEN HMIDA;Maroc
41024;ZAOUIA NOUACEUR;Maroc
41226;ZAOUIAT ANNAHLIA;Maroc
43372;ZEMRANE;Maroc
43474;ZEMRANE CHERQIA;Maroc
43033;ZNADA;Maroc
14026;AIN ARISS;Maroc
12013;AIN ATTIG;Maroc
16052;AIN DEFFALI;Maroc
12100;AIN EL AOUDA;Maroc
15422;AIN JOHRA;Maroc
15152;AIN SBIT;Maroc
15425;AIT BELKACEM;Maroc
15124;AIT ICHOU;Maroc
15406;AIT MALEK;Maroc
14306;AIT SIBERNE;Maroc
14052;ALLAL TAZI;Maroc
11043;AMEUR;Maroc
14206;AMEUR CHAMALIA;Maroc
14064;AMEUR SEFLIA;Maroc
11022;ARBAA SHOUL;Maroc
14102;ARBAOUA;Maroc
14224;AZGHAR;Maroc
16012;BAB TIOUKA;Maroc
14066;BAHHARA OULAD AYAD;Maroc
14022;BEN MANSOUR;Maroc
14305;BENI MALEK;Maroc
16022;BIR TALEB;Maroc
16054;BNI OUAL;Maroc
15122;BOUKCHMIR;Maroc
11052;BOUKNADEL;Maroc
14203;BOUMAIZ;Maroc
16033;CHBANATE;Maroc
14325;CHOUAFAA;Maroc
14222;DAR BELAMRI;Maroc
16010;DAR GUEDDARI;Maroc
16026;DAR LAASLOUJI;Maroc
14300;EL ARBAA DU RHARB;Maroc
11023;EL ARJATE;Maroc
15013;EL GANZRA;Maroc
15022;EL HAMMAM JBEL DOUM;Maroc
15026;EL KENSARA;Maroc
12123;EL MENZEH;Maroc
14023;EL MORHRANE;Maroc
16153;ERMILATE;Maroc
15023;HAD AIT MIMOUN;Maroc
15024;HAD AIT OURIBEL;Maroc
15153;HAD BRACHOUA;Maroc
16050;HAD KOURT;Maroc
15172;HAD RHOUALEM;Maroc
14024;HADDADA EL GHARB;Maroc
15412;HAJJAMA;Maroc
16172;JEMAA HAOUAFATE;Maroc
15173;JEMAA MOUL LEBLAD;Maroc
16020;JORF EL MELHA;Maroc
14322;KARIA BENAOUDA;Maroc
14204;KCEIBYA;Maroc
15003;KHEMIS AIT YADDINE;Maroc
15175;KHEMIS NKHEILA;Maroc
15423;KHEMIS SIDI YAHIA;Maroc
16102;KHENICHET;Maroc
14152;LALLA MIMOUNA;Maroc
16055;LAMRABIH;Maroc
15053;MAAZIZ;Maroc
15032;MAJMAA TOLBA;Maroc
15174;MARCHOUCH;Maroc
16150;MECHRA BEL KSIRI;Maroc
14110;MEHDYA;Maroc
12025;MERS EL KHEIR;Maroc
15424;MKAM TOLBA;Maroc
14053;MNASRA;Maroc
16056;MOULAY ABDELKADER;Maroc
14302;MOULAY BOUSELHAM;Maroc
15072;MOULAY DRISS ARHBAL;Maroc
14046;M'SAADA;Maroc
16173;NOUIRATE;Maroc
14123;OUED EL MAKHAZINE;Maroc
14205;OULAD HCINE;Maroc
16062;OULAD NOUEL;Maroc
14065;OULAD SLAMA;Maroc
14225;OULED BEN HAMMADI;Maroc
15102;OULMES;Maroc
12122;OUMAZZA;Maroc
15150;ROMMANI;Maroc
11102;SALA AL JADIDA;Maroc
12072;SEBBAH;Maroc
15052;SEBT AIT IKKOU;Maroc
16174;SEFSAF;Maroc
16013;SELFAT;Maroc
14223;SFAFAA;Maroc
15004;SFASSIF;Maroc
15202;SIDI ABDERRAZAK;Maroc
16063;SIDI AHMED BENAISSA;Maroc
16175;SIDI AL KAMEL;Maroc
15014;SIDI ALI OU LAHCEN;Maroc
15252;SIDI ALLAL EL BAHRAOUI;Maroc
15005;SIDI ALLAL LEMSEDDER;Maroc
16324;SIDI AMMAR EL HADI;Maroc
16072;SIDI AZZOUZ;Maroc
14122;SIDI BOUBKER EL HAJ;Maroc
15273;SIDI BOUKHALKHAL;Maroc
15033;SIDI EL RHANDOUR;Maroc
16064;SIDI MHAMED CHELH;Maroc
14323;SIDI MOHAMED EL AHMAR;Maroc
14200;SIDI SLIMANE;Maroc
14025;SIDI TAIBI;Maroc
12152;SIDI YAHIA ZAERS;Maroc
14250;SIDI YAHYA DU GHARB;Maroc
12050;SKHIRATE;Maroc
15073;SOUK JEMAA HOUDERRANE;Maroc
15025;SOUK SEBT OUED BEHT;Maroc
14005;SOUK TLETA EL GHARB;Maroc
15272;SOUK TNINE MOGHANE;Maroc
12200;TAMESNA;Maroc
16065;TAOUGHILT;Maroc
15123;TARMILET;Maroc
16014;TEKNA;Maroc
15352;TIDDAS;Maroc
16023;ZAGOTA;Maroc
15154;ZHILIGA;Maroc
16024;ZIRARA;Maroc
85122;ADAY ALMEZOUARTE;Maroc
86603;AGADIR AEREPORT;Maroc
83532;AGADIR MELLOUL;Maroc
85032;AGLOU PLAGE;Maroc
87422;AGUERD NTEZKE;Maroc
84122;AGUERD TAMANART;Maroc
84076;AGUINANE;Maroc
83172;AHL TIFNOUTE;Maroc
83022;AHMAR;Maroc
83252;AIT ABDALLAH;Maroc
87052;AIT AMIRA;Maroc
87100;AIT BAHA;Maroc
85172;AIT BRAHIM OU YOUSSEF;Maroc
83200;AIT IAAZA;Maroc
83222;AIT IGAS;Maroc
85133;AIT ISSAFEN;Maroc
83012;AIT MAKHLOUF;Maroc
86150;AIT MELLOUL;Maroc
87104;AIT MZAL;Maroc
84072;AIT OUABELLI;Maroc
87132;AIT OUADRIM;Maroc
84050;AKKA;Maroc
84022;AKKA IGHANE;Maroc
80322;AKSRI;Maroc
84172;ALLOUGOUM;Maroc
83264;AMALOU;Maroc
85455;AMMELNE;Maroc
80302;AMSKROUD;Maroc
85472;ANAMEUR;Maroc
85103;ANEZI;Maroc
87105;AOUGUENZ;Maroc
83052;AOULOUZ;Maroc
80750;AOURIR;Maroc
85123;ARBA AIT AHMED;Maroc
83422;ARBAA ASSADS;Maroc
83522;ARBAA ASSAIS;Maroc
85152;ARBAA RAS MOUKA;Maroc
85002;ARBAA SAHEL;Maroc
83102;ARGANA;Maroc
83152;ASKAOUN;Maroc
83523;ASSAKI;Maroc
83265;AZAGHAR NIRS;Maroc
80325;AZIAR;Maroc
83225;AZRAR;Maroc
80007;BENSERGAO;Maroc
87200;BIOUGRA;Maroc
83013;BOUNRAR;Maroc
85044;BOUZERZ;Maroc
83322;DAR BAHBAZ;Maroc
80044;DRARGUA;Maroc
83353;EDDIR;Maroc
83072;EL FAID;Maroc
83372;EL KOUDIA;Maroc
85034;EL KREIMA;Maroc
85022;EL MAADER EL KEBIR;Maroc
84100;FAM EL HISN;Maroc
84150;FOUM ZGUID;Maroc
83202;FREIJA;Maroc
85473;HAD AFFELA IRHIR;Maroc
87252;HAD AIT BELFAA;Maroc
83323;HAD IGLI;Maroc
83272;HAD IMAOUEN;Maroc
83023;HAD IMOULASS;Maroc
83032;HAD MENIZLA;Maroc
85023;HAD RAGGADA;Maroc
85452;HAD TAHALA;Maroc
87122;HAD TARGA NTOUCHKA;Maroc
87123;HALLATE;Maroc
84026;IBN YACOUB;Maroc
83034;IDA OU MOUMEN;Maroc
83303;IDA OUGOUMMAD;Maroc
80323;IDMINE;Maroc
85024;IGHIR MELLOULEN;Maroc
85042;IGHREM OULAD JERRAR;Maroc
83535;IGOUDAR MNABHA;Maroc
83173;IGUIDI;Maroc
87423;IMHILEN;Maroc
87124;IMI EL HAD TASGUEDELFT;Maroc
87222;IMI MQOURN;Maroc
83285;IMI NTAYART;Maroc
83123;IMILMAISS;Maroc
80303;IMOUZZER IDA OU TANANE;Maroc
80043;IMSOUANE;Maroc
87272;INCHADEN;Maroc
83073;IOUZIOUA OU NEINE;Maroc
83250;IRHERM;Maroc
83524;IRHIL NOURHOU;Maroc
83374;ISSEN;Maroc
85474;IZERBI;Maroc
85134;JEMAA IDA OUSSEMLAL;Maroc
87125;JEMAA TAKOUCHTE;Maroc
84073;KASBAT SIDI ABDELLAH BEN MBAREK;Maroc
84023;KHEMIS ADDIS;Maroc
87133;KHEMIS AIT MOUSSA;Maroc
85484;KHEMIS AIT OUFKA;Maroc
83324;KHEMIS ARAZANE;Maroc
83122;KHEMIS BIGOUDINE;Maroc
84052;KHEMIS ISSAFEN;Maroc
83325;KHEMIS TALAGJOUNT;Maroc
87402;KHMIS IDA OU GNIDIF;Maroc
83375;KSIBA AHL RMEL;Maroc
83423;LAKHNAFIF;Maroc
84173;LAKHRIOUIA;Maroc
83424;LAMHADI;Maroc
83304;LAMHARA;Maroc
85026;LAOUINA;Maroc
86356;LQLIAA;Maroc
87452;MASSA;Maroc
87473;MASSA TASSILA;Maroc
83024;MECHRAA EL AIN;Maroc
83223;NOUARA;Maroc
85475;OU MESNATE;Maroc
87223;OUED ESSAFA;Maroc
83313;OULAD AISSA;Maroc
83300;OULAD BERHIL;Maroc
85025;OULAD JERRAR;Maroc
83350;OULAD TEIMA;Maroc
85043;OULED NOUMMEUR;Maroc
83273;OULKADI;Maroc
84024;OUM EL GUERDANE;Maroc
83472;OUNEINE;Maroc
83283;OUZOUNE;Maroc
87273;SEBT AIT MILK;Maroc
80522;SEBT ASSAKA;Maroc
85402;SEBT BOUNAAMANE;Maroc
83400;SEBT EL GUERDANE;Maroc
83376;SEBT KFIFATE;Maroc
85003;SEBT OUIJJANE;Maroc
83025;SEBT TAFRAOUTE;Maroc
83253;SEBT TATAOUTE;Maroc
87126;SIDI ABDELLAH EL BOUCHOUARI;Maroc
83305;SIDI ABDELLAH OU SAID;Maroc
83014;SIDI AHMED OU ABDALLAH;Maroc
83382;SIDI AHMED OU AMAR;Maroc
87274;SIDI BIBI;Maroc
83255;SIDI BOAAL;Maroc
83026;SIDI BORJA;Maroc
85422;SIDI BOUABDELLI;Maroc
87112;SIDI BOUAZ;Maroc
83383;SIDI BOUMOUSSA;Maroc
87203;SIDI BOUSHAB;Maroc
83015;SIDI DAHMANE;Maroc
83525;SIDI HSAINE;Maroc
85572;SIDI HSAINE OU ALI;Maroc
85553;SIDI MBARK;Maroc
83384;SIDI MOUSSA;Maroc
83354;SIDI MOUSSA LHAMRI;Maroc
83256;SIDI MZAL;Maroc
83334;SIDI OUAAZIZ;Maroc
87135;SIDI OUASSAY;Maroc
87472;SIDI RBAT;Maroc
86622;SOUK EL HAD OULAD DAHOU;Maroc
80102;TAALAT;Maroc
83266;TABIA;Maroc
80326;TADRART;Maroc
83452;TAFINGOULT;Maroc
85450;TAFRAOUT;Maroc
85124;TAFRAOUT EL MOULOUD;Maroc
85423;TAFRAOUTE NAIT DAOUD;Maroc
83016;TAFRAOUTEN;Maroc
80022;TAGHAZOUTE;Maroc
83500;TALIOUINE;Maroc
83103;TALMAKANTE;Maroc
83044;TAMALOUKTE;Maroc
80023;TAMRAGHT;Maroc
80502;TAMRI;Maroc
87552;TANALT;Maroc
85476;TANFIT AIT OUMZIL;Maroc
83274;TANTAMT;Maroc
83174;TAOUYALTE;Maroc
83000;TAROUDANT;Maroc
83526;TASSOUSFI;Maroc
84000;TATA;Maroc
83035;TAZZEMMOURTE;Maroc
86602;TEMSIA;Maroc
83425;TIDSI NISSENDALENE;Maroc
85125;TIFERMITE;Maroc
84003;TIGZMERTE;Maroc
80652;TIKIOUINE;Maroc
87113;TIMEZGUIDA OUASRIR;Maroc
83284;TINDINE;Maroc
83306;TINZART;Maroc
83224;TIOUTE;Maroc
80324;TIQQI;Maroc
85102;TIRHMI;Maroc
83262;TISFANE;Maroc
83074;TISRASSE;Maroc
84053;TISSINT;Maroc
84075;TIZAGHTE;Maroc
83533;TIZGZAOUINE;Maroc
83312;TIZI NTEST;Maroc
85000;TIZNIT;Maroc
85483;TIZOUGHANE;Maroc
84074;TIZOUININE;Maroc
83036;TLATA AIT TALEB;Maroc
85126;TLATA IDA GOUGMAR;Maroc
80572;TLATA OU GUENZ;Maroc
84025;TLATA TAGMOUTE;Maroc
83275;TLETA NIHIT;Maroc
85486;TLETA TASSRIRT;Maroc
85482;TLETA TIDLI;Maroc
84174;TLITE;Maroc
83276;TNINE ADDAR;Maroc
85004;TNINE AGLOU;Maroc
80700;TNINE HILALA;Maroc
83326;TNINE IDA OU GAILAL;Maroc
85485;TNINE TARSOUAT;Maroc
83332;TNINE TIGOUGA;Maroc
83282;TNINE TOUFLAAZT;Maroc
83175;TOUBKAL;Maroc
85033;TOUBOUZAR;Maroc
83333;TOUGHMART;Maroc
83263;TOUMLILINE;Maroc
83503;ZAGMOUZEN;Maroc
85132;ZAOUIA SIDI AHMED OU MOUSSA;Maroc
83042;ZAOUIAT SIDI TAHAR;Maroc
32354;ABDELGHAYA SOUAHEL;Maroc
91022;AIN BEIDA;Maroc
32372;AIN BENABBOU;Maroc
16222;AIN DORIJ;Maroc
93054;AIN LAHSAN;Maroc
32022;AIT KAMRA;Maroc
32003;AIT YOUSSEF OU ALI;Maroc
35052;AJDIR;Maroc
92052;AL AOUAMRA;Maroc
93066;AL HAMRA;Maroc
93036;AL KHRROUB;Maroc
90062;AL MANZLA;Maroc
93042;AL OUED;Maroc
93055;ALLYENE;Maroc
91173;AMTAR;Maroc
90064;AQUOUASS BRIECH;Maroc
92022;ARBAA AYACHA;Maroc
32004;ARBAA TAOURIRT;Maroc
91023;ASIFANE;Maroc
91024;ASJEN;Maroc
93015;ASMATEN;Maroc
90050;ASSILAH;Maroc
93022;AZLA;Maroc
91052;BAB BERRET;Maroc
91002;BAB TAZA;Maroc
94022;BAHRAOUIYNE TANJA;Maroc
94023;BAHRIYNE EL AOUAMA;Maroc
93103;BELYOUNECH;Maroc
91034;BENI BOUZRA;Maroc
32122;BENI GMIL MESTASSA;Maroc
91025;BENI RZEN;Maroc
34035;BENI SELMANE;Maroc
93023;BENI YDER;Maroc
90072;BGHAGHZA;Maroc
32172;BNI ABDALLAH;Maroc
91102;BNI AHMED;Maroc
91123;BNI AHMED GHARBIA;Maroc
32355;BNI AHMED IMOUKZAN;Maroc
32352;BNI AMMART;Maroc
92006;BNI AROUSS;Maroc
32374;BNI BCHIR;Maroc
32050;BNI BOUAYACH;Maroc
32356;BNI BOUCHIBET;Maroc
32102;BNI BOUFRAH;Maroc
32373;BNI BOUNSAR;Maroc
91005;BNI DARKOUL;Maroc
91006;BNI FAGHLOUM;Maroc
32103;BNI GMIL MAKSOULINE;Maroc
32152;BNI HADIFA;Maroc
93062;BNI HARCHEN;Maroc
93052;BNI KARRICH FOUKI;Maroc
93043;BNI LEIT;Maroc
91055;BNI MANSOUR;Maroc
16224;BNI QUOLLA;Maroc
91062;BNI RZINE;Maroc
93044;BNI SAID;Maroc
91012;BNI SALAH;Maroc
91063;BNI SELMANE;Maroc
91172;BNI SMIH;Maroc
92155;BOU JEDYANE;Maroc
90063;BOUKHALEF;Maroc
91026;BRIKCHA;Maroc
32023;CHAKRANE;Maroc
91000;CHEFCHAOUEN;Maroc
93024;DAR BEN SADDOUK;Maroc
90052;DAR CHAOUI;Maroc
91042;DERDERA;Maroc
91032;DERKOUL;Maroc
94025;EL BORCH;Maroc
93026;EL FENDEQ;Maroc
91122;EL MELHA;Maroc
91033;FIFI;Maroc
93100;FNIDQ;Maroc
90102;GZENAYA;Maroc
90302;HAD RHARBIA;Maroc
91043;HAD RHDIR KROUCH;Maroc
90025;HAJR ENHAL;Maroc
94031;HAKKAMA;Maroc
32322;IKAOUEN;Maroc
32202;IMRABTEN;Maroc
32250;IMZOUREN;Maroc
91073;IOUANE;Maroc
32302;ISSAGUEN;Maroc
32024;IZEMMOUREN;Maroc
91153;JEBHA;Maroc
93033;JEMAA EL OUED;Maroc
94032;JOUAMAA;Maroc
91035;KAA ASRASS;Maroc
91154;KALAAT BOUQORRA;Maroc
32323;KETAMA;Maroc
92102;KHEMIS SAHEL;Maroc
92156;KSAR BJIR;Maroc
92150;KSAR EL KEBIR;Maroc
94033;KSAR EL MAJAZ;Maroc
94152;KSAR SGHIR;Maroc
91013;LAGHDIR;Maroc
16204;LAMJAARA;Maroc
92000;LARACHE;Maroc
90065;LKHALOUA;Maroc
32033;LOUTA;Maroc
93063;MALLALIENNE;Maroc
91124;MANSOURA;Maroc
93150;MARTIL;Maroc
16205;MASMOUDA;Maroc
93200;MDIQ;Maroc
92172;MECHERAH;Maroc
94053;MELLOUSSA;Maroc
91152;MOKRISSET;Maroc
93034;MOULAY ABDESSLAM;Maroc
32362;MOULAY AHMED CHERIF;Maroc
91054;MTIOUA;Maroc
16206;MZEFROUNE;Maroc
32072;NEKKOUR;Maroc
91174;OUAOUZGANE;Maroc
93250;OUED LAOU;Maroc
93045;OULAD ALI MANSOUR;Maroc
92162;OULAD OUCHIH;Maroc
16225;OUNNANA;Maroc
92012;RISSANA CHAMALIA;Maroc
92272;RISSANA JANOUBIA;Maroc
32006;ROUADI;Maroc
93064;SADDINA;Maroc
90066;SAHEL CHAMALI;Maroc
93046;SAHTRYINE;Maroc
90027;SANIA EL JADIDA;Maroc
92002;SEBT BNI GARFET;Maroc
16223;SEBT RMEL;Maroc
90036;SEBT ZENIATE;Maroc
32013;SENADA;Maroc
16032;SIDI AHMED CHERIF;Maroc
92023;SIDI ALI;Maroc
16004;SIDI BOUSBER;Maroc
32363;SIDI BOUTMIM;Maroc
32375;SIDI BOUZINEB;Maroc
16202;SIDI REDOUANE;Maroc
92163;SOUAKEN;Maroc
93065;SOUK KDIM;Maroc
92164;SOUK LQOLLA;Maroc
92173;SOUK TOLBA;Maroc
91003;STEHA;Maroc
32324;TABARANNT;Maroc
32325;TAGHZOUT;Maroc
91044;TALEMBOTE;Maroc
91072;TAMOROTE;Maroc
32364;TAMSAOUT;Maroc
91045;TANACOB;Maroc
32350;TARGUIST;Maroc
94122;TARHREMT;Maroc
91036;TASSIFT;Maroc
92202;TATOUFET;Maroc
92013;TAZROUTE;Maroc
16252;TEROUAL;Maroc
32032;TIFAROUINE;Maroc
91056;TIZGANE;Maroc
32326;TIZI TCHEN;Maroc
91046;TLATA ASSIFANE;Maroc
92252;TLATA RISSANA;Maroc
90054;TNINE SIDI EL YAMANI;Maroc
32014;TORRES DE ALCALA;Maroc
92024;ZAAROURA;Maroc
93053;ZAITOUNE;Maroc
93032;ZAOUIA SIDI KACEM;Maroc
32026;ZAOUIAT SIDI ABDELKADER;Maroc
32034;ZARKAT;Maroc
32365;ZARKT;Maroc
16212;ZGHIRA;Maroc
94026;ZOCO JEMIS DE ANYERA;Maroc
92072;ZOUADA;Maroc
91202;ZOUMI;Maroc
